mode,output_token_start,itl_ms_p50,itl_ms_p99,itl_ms_max
Aggregated (4 x TP4),0,9.421071688334147,13.655618667602539,22676.672526041668
Aggregated (4 x TP4),1024,9.145219484965006,13.285639127095541,469.4692789713542
Aggregated (4 x TP4),2048,9.014734903971354,13.125346501668295,528.6302998860677
Aggregated (4 x TP4),3072,9.019895871480307,13.049519856770834,523.6286824544271
Aggregated (4 x TP4),4096,9.051692326863607,13.143017450968424,431.92730712890625
Aggregated (4 x TP4),5120,9.030410448710123,13.078426678975424,439.67258707682294
Aggregated (4 x TP4),6144,9.119803428649902,13.130352020263672,461.3564860026042
Aggregated (4 x TP4),7168,9.015898704528809,13.150577227274576,439.5126647949219
Aggregated (4 x TP4),8192,9.096622467041016,12.969438552856445,423.31284586588544
Aggregated (4 x TP4),9216,9.047325134277344,13.067170778910318,443.1355895996094
Aggregated (4 x TP4),10240,9.15076986948649,13.086191177368164,452.81854248046875
Aggregated (4 x TP4),11264,9.099939982096354,12.996975898742676,464.93780517578125
Aggregated (4 x TP4),12288,9.17093308766683,13.002933820088705,457.9573059082031
Aggregated (4 x TP4),13312,9.161736170450846,12.960784594217936,457.2781677246094
Aggregated (4 x TP4),14336,9.138076146443685,13.002521514892578,493.9860127766927
Aggregated (4 x TP4),15360,9.24202823638916,12.871823946634928,432.85512288411456
Aggregated (4 x TP4),16384,9.206849416097006,13.121143658955893,480.4686279296875
Aggregated (4 x TP4),17408,9.251152356465658,12.891994794209799,464.0101318359375
Aggregated (4 x TP4),18432,9.292775472005209,13.166390101114908,463.24566650390625
Aggregated (4 x TP4),19456,9.412901242574057,12.979942639668783,449.0246073404948
Aggregated (4 x TP4),20480,9.41144847869873,13.087213834126791,459.0585021972656
Aggregated (4 x TP4),21504,9.609291394551596,13.117449760437012,452.7472635904948
Aggregated (4 x TP4),22528,9.7437375386556,13.097517967224121,484.7084147135417
Aggregated (4 x TP4),23552,9.636748949686686,13.319727897644043,501.34312947591144
Aggregated (4 x TP4),24576,9.795404116312662,13.170792579650879,509.26405843098956
Aggregated (4 x TP4),25600,9.7017240524292,13.179978052775065,470.57375081380206
Aggregated (4 x TP4),26624,9.869261741638184,13.33951218922933,492.4361979166667
Aggregated (4 x TP4),27648,9.804978052775065,13.202498118082682,506.4253234863281
Aggregated (4 x TP4),28672,10.14516512552897,13.336819012959799,494.46099853515625
Aggregated (4 x TP4),29696,10.145446141560873,13.432298342386881,500.848876953125
Aggregated (4 x TP4),30720,10.253341992696127,13.58016268412272,490.02239990234375
Aggregated (4 x TP4),31744,10.598260561625162,13.758570035298666,513.367909749349
Aggregated (4 x TP4),32768,10.514626502990723,13.811760584513346,541.2364095052084
Aggregated (4 x TP4),33792,10.98521900177002,14.327354431152342,544.1751607259115
Aggregated (4 x TP4),34816,10.91268507639567,14.053729693094889,503.4407145182292
Aggregated (4 x TP4),35840,11.201101620992025,14.453502972920736,506.79123942057294
Aggregated (4 x TP4),36864,11.103157997131348,14.214969635009766,499.5067952473958
Aggregated (4 x TP4),37888,11.325040817260742,14.349204699198404,502.6172790527344
Aggregated (4 x TP4),38912,11.45798110961914,14.677166938781738,535.7114461263021
Aggregated (4 x TP4),39936,11.3362398147583,14.525002797444662,535.403564453125
Aggregated (4 x TP4),40960,11.668200492858887,14.86838436126709,546.3213602701823
Aggregated (4 x TP4),41984,11.550929387410482,14.643572171529135,539.5652669270834
Aggregated (4 x TP4),43008,11.85732396443685,15.114837646484375,529.1339518229166
Aggregated (4 x TP4),44032,11.701164563496908,14.959392229715982,583.1712849934896
Aggregated (4 x TP4),45056,11.973010381062826,14.99240525563558,527.3822428385416
Aggregated (4 x TP4),46080,12.105067571004232,15.465174039204916,611.946044921875
Aggregated (4 x TP4),47104,12.196588516235352,15.145559946695963,514.6851704915365
Aggregated (4 x TP4),48128,12.395071347554525,15.279744148254395,524.2356669108073
Aggregated (4 x TP4),49152,12.266344706217447,16.083831151326496,555.4950764973959
Aggregated (4 x TP4),50176,12.574533462524414,15.467297554016113,548.808349609375
Aggregated (4 x TP4),51200,12.524889945983887,15.561549504597982,559.7745971679688
Aggregated (4 x TP4),52224,12.80076821645101,15.90414047241211,538.0508015950521
Aggregated (4 x TP4),53248,12.692482630411783,15.80365784962972,619.3618570963541
Aggregated (4 x TP4),54272,12.938806851704916,15.916822751363119,587.8963826497396
Aggregated (4 x TP4),55296,13.013257026672363,16.448992411295574,591.3687540690104
Aggregated (4 x TP4),56320,12.974201202392578,16.080349604288738,617.0498046875
Aggregated (4 x TP4),57344,13.17160701751709,16.14117431640625,609.3825073242188
Aggregated (4 x TP4),58368,13.164464314778646,16.34222666422526,602.8049723307291
Aggregated (4 x TP4),59392,13.421012242635092,16.486223856608074,568.3408203125
Aggregated (4 x TP4),60416,13.369682947794596,16.428534825642902,630.6638997395834
Aggregated (4 x TP4),61440,13.541683197021484,16.439294179280598,577.99169921875
Aggregated (4 x TP4),62464,13.63129456837972,17.157689412434895,651.5253499348959
Aggregated (4 x TP4),63488,13.674638748168945,16.61925506591797,643.4210815429688
Aggregated (4 x TP4),64512,13.844867706298828,16.744707743326824,614.7811075846354
Aggregated (4 x TP4),65536,13.796599388122559,16.8465633392334,607.4788818359375
Aggregated (4 x TP4),66560,14.011786142985025,17.249831517537434,604.7652587890625
Aggregated (4 x TP4),67584,13.98629887898763,17.02480697631836,600.9961954752604
Aggregated (4 x TP4),68608,14.204544067382812,17.150774002075195,593.8263549804688
Aggregated (4 x TP4),69632,14.174259821573893,17.42742919921875,625.038330078125
Aggregated (4 x TP4),70656,14.384910583496094,17.60916010538737,581.8763631184896
Aggregated (4 x TP4),71680,14.511185010274252,17.396697362263996,610.4479573567709
Aggregated (4 x TP4),72704,14.499152819315592,17.57879702250163,725.0905151367188
Aggregated (4 x TP4),73728,14.675629297892252,17.622704188028973,674.4432373046875
Aggregated (4 x TP4),74752,14.69647185007731,17.9741636912028,664.2089233398438
Aggregated (4 x TP4),75776,14.883705457051596,17.93326695760091,640.9420776367188
Aggregated (4 x TP4),76800,14.87810230255127,17.940332412719727,652.7042439778646
Aggregated (4 x TP4),77824,15.0571870803833,17.958333333333332,650.9618733723959
Aggregated (4 x TP4),78848,15.168924649556478,18.306212107340496,642.0221964518229
Aggregated (4 x TP4),79872,15.17620595296224,18.21243413289388,647.6858520507812
Aggregated (4 x TP4),80896,15.35233243306478,18.364884694417317,655.0286458333334
Aggregated (4 x TP4),81920,15.335017522176107,18.383944193522137,628.8315226236979
Aggregated (4 x TP4),82944,15.519544919331869,18.37773895263672,642.6358846028646
Aggregated (4 x TP4),83968,15.536622365315756,18.545373916625977,623.8326822916666
Aggregated (4 x TP4),84992,15.696317672729492,18.91252835591634,624.3780924479166
Aggregated (4 x TP4),86016,15.67808723449707,18.66629981994629,631.1063842773438
Aggregated (4 x TP4),87040,15.85714340209961,18.805042902628582,665.544189453125
Aggregated (4 x TP4),88064,15.933169682820639,19.035235087076824,651.9752807617188
Aggregated (4 x TP4),89088,15.933005650838217,19.044899622599285,751.6563110351562
Aggregated (4 x TP4),90112,16.10260518391927,19.187620798746746,679.8899536132812
Aggregated (4 x TP4),91136,16.100039800008137,19.300642649332683,669.6380208333334
Aggregated (4 x TP4),92160,16.31377919514974,19.270078659057617,754.5252482096354
Aggregated (4 x TP4),93184,16.351036707560223,19.31884829203288,681.2826334635416
Aggregated (4 x TP4),94208,16.528431574503582,19.43666140238444,687.7321166992188
Aggregated (4 x TP4),95232,16.62402598063151,19.812451044718426,730.577392578125
Aggregated (4 x TP4),96256,16.657296498616535,19.77149200439453,687.3082885742188
Aggregated (4 x TP4),97280,16.78293736775716,19.743226369222004,724.6631469726562
Aggregated (4 x TP4),98304,16.868903477986652,19.845774968465168,742.49951171875
Aggregated (4 x TP4),99328,17.026208877563477,20.11916160583496,745.9073486328125
Aggregated (4 x TP4),100352,17.033192316691082,20.145361582438152,703.3316040039062
Aggregated (4 x TP4),101376,17.22263463338216,20.276822408040363,713.6659545898438
Aggregated (4 x TP4),102400,17.237656275431316,20.429240544637043,757.6960245768229
Aggregated (4 x TP4),103424,17.367497126261394,20.308870951334637,714.7897745768229
Aggregated (4 x TP4),104448,17.436225255330402,20.4199701944987,683.6445515950521
Aggregated (4 x TP4),105472,17.49798583984375,20.508578618367512,794.8259887695312
Aggregated (4 x TP4),106496,17.63634999593099,20.533642450968426,686.7696736653646
Aggregated (4 x TP4),107520,17.642240524291992,20.827861785888672,755.3717854817709
Aggregated (4 x TP4),108544,17.820852915445965,20.784393310546875,718.2432250976562
Aggregated (4 x TP4),109568,17.84785525004069,21.023522694905598,808.317138671875
Aggregated (4 x TP4),110592,17.989864985148113,20.94642448425293,784.4810180664062
Aggregated (4 x TP4),111616,18.074927012125652,21.250782012939453,789.4771118164062
Aggregated (4 x TP4),112640,18.181617101033527,21.172592163085938,815.6515299479166
Aggregated (4 x TP4),113664,18.32298469543457,21.297622680664062,723.1360473632812
Aggregated (4 x TP4),114688,18.313649495442707,21.52007230122884,963.6312052408854
Aggregated (4 x TP4),115712,18.468739827473957,21.53937530517578,765.5192464192709
Aggregated (4 x TP4),116736,18.545188903808594,21.62297821044922,791.1455485026041
Aggregated (4 x TP4),117760,18.67433738708496,21.686873118082683,839.5006713867188
Aggregated (4 x TP4),118784,18.685185114542644,21.824434280395508,859.7360229492188
Aggregated (4 x TP4),119808,18.847797393798828,21.885177612304688,877.3151652018229
Aggregated (4 x TP4),120832,18.987529754638672,21.938215891520183,966.1013590494791
Aggregated (4 x TP4),121856,18.952988306681316,22.23670705159505,825.2393595377604
Aggregated (4 x TP4),122880,19.120606740315754,22.202425003051758,907.6942952473959
Aggregated (4 x TP4),123904,19.17276954650879,22.336737314860027,883.0244547526041
Aggregated (4 x TP4),124928,19.32549985249837,22.359345118204754,956.5637003580729
Aggregated (4 x TP4),125952,19.35127894083659,22.58435821533203,900.1164347330729
Aggregated (4 x TP4),126976,19.547646204630535,22.573137283325195,781.6908162434896
Aggregated (4 x TP4),128000,19.6436710357666,22.707823435465496,843.9779866536459
Aggregated (4 x TP4),129024,19.668139775594074,22.683482487996418,920.3537190755209
Aggregated (4 x TP4),130048,19.818603515625,22.955419540405273,40438.19140625
"Disaggregated (1P + 3D, TP4)",0,8.176368395487467,12.428457895914713,578.0503336588541
"Disaggregated (1P + 3D, TP4)",1024,8.51861572265625,13.036821047465006,578.5297037760416
"Disaggregated (1P + 3D, TP4)",2048,8.773798624674479,13.401459693908691,580.4211629231771
"Disaggregated (1P + 3D, TP4)",3072,8.975591977437338,13.562106768290201,579.7373860677084
"Disaggregated (1P + 3D, TP4)",4096,9.154967308044434,13.795146306355795,579.2577514648438
"Disaggregated (1P + 3D, TP4)",5120,9.26436678568522,13.927836736043295,579.5421752929688
"Disaggregated (1P + 3D, TP4)",6144,9.332880973815918,13.99700895945231,578.6834513346354
"Disaggregated (1P + 3D, TP4)",7168,9.3727658589681,14.024040222167969,578.0370279947916
"Disaggregated (1P + 3D, TP4)",8192,9.379947980244955,14.086063702901205,573.1095174153646
"Disaggregated (1P + 3D, TP4)",9216,9.381427129109701,14.06846809387207,547.7115885416666
"Disaggregated (1P + 3D, TP4)",10240,9.453044891357422,14.129301071166992,556.6595662434896
"Disaggregated (1P + 3D, TP4)",11264,9.52519702911377,14.09993584950765,571.0373331705729
"Disaggregated (1P + 3D, TP4)",12288,9.610157330830893,14.121487299601236,572.5567423502604
"Disaggregated (1P + 3D, TP4)",13312,9.684137662251791,14.09307066599528,572.1935831705729
"Disaggregated (1P + 3D, TP4)",14336,9.749114036560059,14.049216588338217,572.8153483072916
"Disaggregated (1P + 3D, TP4)",15360,9.836895624796549,14.050487518310547,575.3483276367188
"Disaggregated (1P + 3D, TP4)",16384,9.907674789428711,14.091502825419107,581.8336588541666
"Disaggregated (1P + 3D, TP4)",17408,9.985838572184244,14.048238118489584,601.5485636393229
"Disaggregated (1P + 3D, TP4)",18432,10.053026835123697,14.046259562174479,605.8421834309896
"Disaggregated (1P + 3D, TP4)",19456,10.120161692301432,14.054282188415527,607.1380818684896
"Disaggregated (1P + 3D, TP4)",20480,10.193418502807617,13.989923159281412,607.2618001302084
"Disaggregated (1P + 3D, TP4)",21504,10.25881290435791,13.993103981018066,610.2935180664062
"Disaggregated (1P + 3D, TP4)",22528,10.326906840006512,14.035587310791016,620.0796508789062
"Disaggregated (1P + 3D, TP4)",23552,10.38700040181478,14.056151390075684,620.2181193033854
"Disaggregated (1P + 3D, TP4)",24576,10.45657761891683,14.067517598470053,628.2525431315104
"Disaggregated (1P + 3D, TP4)",25600,10.51480484008789,14.073266665140787,628.4737752278646
"Disaggregated (1P + 3D, TP4)",26624,10.588458697001139,14.083662668863932,630.2701416015625
"Disaggregated (1P + 3D, TP4)",27648,10.655465761820475,14.085610389709473,631.340087890625
"Disaggregated (1P + 3D, TP4)",28672,10.715707143147787,14.107933362325033,632.1974487304688
"Disaggregated (1P + 3D, TP4)",29696,10.77989133199056,14.071491559346518,678.423095703125
"Disaggregated (1P + 3D, TP4)",30720,10.843458811442057,14.128746350606283,681.7663167317709
"Disaggregated (1P + 3D, TP4)",31744,10.907554944356283,14.110700289408365,682.5402221679688
"Disaggregated (1P + 3D, TP4)",32768,10.96791903177897,14.14849885304769,683.8157552083334
"Disaggregated (1P + 3D, TP4)",33792,11.028732935587565,14.191994349161783,713.5384318033854
"Disaggregated (1P + 3D, TP4)",34816,11.094371795654297,14.208652178446451,716.8692423502604
"Disaggregated (1P + 3D, TP4)",35840,11.150662422180176,14.239144961039225,716.2635294596354
"Disaggregated (1P + 3D, TP4)",36864,11.218660990397135,14.291130701700846,726.9785563151041
"Disaggregated (1P + 3D, TP4)",37888,11.275694847106934,14.336250305175781,726.7347208658854
"Disaggregated (1P + 3D, TP4)",38912,11.348660786946615,14.41939608256022,727.5960286458334
"Disaggregated (1P + 3D, TP4)",39936,11.406153043111166,14.456755638122559,726.1158040364584
"Disaggregated (1P + 3D, TP4)",40960,11.484208742777506,14.507508277893066,725.8255615234375
"Disaggregated (1P + 3D, TP4)",41984,11.545417785644531,14.562492688496908,711.2498779296875
"Disaggregated (1P + 3D, TP4)",43008,11.634674072265625,14.616766929626465,775.4966837565104
"Disaggregated (1P + 3D, TP4)",44032,11.698779106140137,14.670111020406088,775.4036051432291
"Disaggregated (1P + 3D, TP4)",45056,11.785719871520996,14.758299827575684,802.8959554036459
"Disaggregated (1P + 3D, TP4)",46080,11.861939748128256,14.831256866455078,802.5832316080729
"Disaggregated (1P + 3D, TP4)",47104,11.946490605672201,14.887237548828125,731.9969889322916
"Disaggregated (1P + 3D, TP4)",48128,12.022297223409018,14.96841049194336,712.2729695638021
"Disaggregated (1P + 3D, TP4)",49152,12.113946278889975,15.047442118326822,712.3825887044271
"Disaggregated (1P + 3D, TP4)",50176,12.198431968688965,15.112766901652018,713.2022094726562
"Disaggregated (1P + 3D, TP4)",51200,12.30153719584147,15.227315902709961,712.1936238606771
"Disaggregated (1P + 3D, TP4)",52224,12.432727813720703,15.340837796529135,740.7288614908854
"Disaggregated (1P + 3D, TP4)",53248,12.616629600524902,15.488475481669107,769.7243448893229
"Disaggregated (1P + 3D, TP4)",54272,12.768621126810709,15.64547061920166,770.1401774088541
"Disaggregated (1P + 3D, TP4)",55296,12.939640680948893,15.794216473897299,767.9587809244791
"Disaggregated (1P + 3D, TP4)",56320,13.080517450968424,15.9586820602417,750.7165934244791
"Disaggregated (1P + 3D, TP4)",57344,13.23614756266276,16.109371185302734,750.4738362630209
"Disaggregated (1P + 3D, TP4)",58368,13.371603012084961,16.251270929972332,749.6203206380209
"Disaggregated (1P + 3D, TP4)",59392,13.492633819580078,16.360430399576824,774.66796875
"Disaggregated (1P + 3D, TP4)",60416,13.58887004852295,16.471651713053387,774.3583984375
"Disaggregated (1P + 3D, TP4)",61440,13.688451131184896,16.567760467529297,773.4805704752604
"Disaggregated (1P + 3D, TP4)",62464,13.782338778177897,16.65735626220703,753.3237508138021
"Disaggregated (1P + 3D, TP4)",63488,13.870493253072103,16.73889923095703,755.2400309244791
"Disaggregated (1P + 3D, TP4)",64512,13.956767400105795,16.817023595174152,758.4354248046875
"Disaggregated (1P + 3D, TP4)",65536,14.048695882161459,16.89598337809245,777.1606648763021
"Disaggregated (1P + 3D, TP4)",66560,14.14083735148112,16.98592694600423,782.6453450520834
"Disaggregated (1P + 3D, TP4)",67584,14.227620760599772,17.102169036865234,781.1773071289062
"Disaggregated (1P + 3D, TP4)",68608,14.324423472086588,17.187123616536457,790.56787109375
"Disaggregated (1P + 3D, TP4)",69632,14.418180783589682,17.293662389119465,784.7318522135416
"Disaggregated (1P + 3D, TP4)",70656,14.51304817199707,17.401451746622723,784.0657958984375
"Disaggregated (1P + 3D, TP4)",71680,14.606513977050781,17.497681935628254,784.8782958984375
"Disaggregated (1P + 3D, TP4)",72704,14.699525515238443,17.58691660563151,822.0146891276041
"Disaggregated (1P + 3D, TP4)",73728,14.79996395111084,17.721492131551106,841.2159016927084
"Disaggregated (1P + 3D, TP4)",74752,14.896626154581705,17.834156672159832,859.9975992838541
"Disaggregated (1P + 3D, TP4)",75776,14.993847846984863,17.92617416381836,859.3915608723959
"Disaggregated (1P + 3D, TP4)",76800,15.090098063151041,18.035371780395508,858.3213907877604
"Disaggregated (1P + 3D, TP4)",77824,15.190802256266275,18.113452911376953,858.3176066080729
"Disaggregated (1P + 3D, TP4)",78848,15.28370221455892,18.206020991007488,858.8777262369791
"Disaggregated (1P + 3D, TP4)",79872,15.37519105275472,18.307000478108723,858.9137573242188
"Disaggregated (1P + 3D, TP4)",80896,15.473774274190268,18.37121073404948,875.17578125
"Disaggregated (1P + 3D, TP4)",81920,15.557957331339518,18.463274002075195,876.8257039388021
"Disaggregated (1P + 3D, TP4)",82944,15.641251881917318,18.560691197713215,864.0309855143229
"Disaggregated (1P + 3D, TP4)",83968,15.725351651509603,18.65408706665039,858.4149983723959
"Disaggregated (1P + 3D, TP4)",84992,15.810356458028158,18.747137705485027,856.9089152018229
"Disaggregated (1P + 3D, TP4)",86016,15.899282773335775,18.8470401763916,887.9778035481771
"Disaggregated (1P + 3D, TP4)",87040,15.990267435709635,18.947214762369793,887.4393107096354
"Disaggregated (1P + 3D, TP4)",88064,16.0898494720459,19.05492909749349,1012.1548665364584
"Disaggregated (1P + 3D, TP4)",89088,16.189213434855144,19.147886912027996,1012.7095540364584
"Disaggregated (1P + 3D, TP4)",90112,16.29895528157552,19.243478139241535,1032.968770345052
"Disaggregated (1P + 3D, TP4)",91136,16.40325164794922,19.346073786417644,999.9709065755209
"Disaggregated (1P + 3D, TP4)",92160,16.50673548380534,19.45558484395345,873.0824991861979
"Disaggregated (1P + 3D, TP4)",93184,16.612748463948567,19.555918375651043,874.4398396809896
"Disaggregated (1P + 3D, TP4)",94208,16.71544138590495,19.676939646402996,929.8971557617188
"Disaggregated (1P + 3D, TP4)",95232,16.81468327840169,19.771908442179363,934.35009765625
"Disaggregated (1P + 3D, TP4)",96256,16.90789540608724,19.85946210225423,945.7524617513021
"Disaggregated (1P + 3D, TP4)",97280,17.010265986124676,19.948219935099285,953.7604573567709
"Disaggregated (1P + 3D, TP4)",98304,17.104373931884766,20.052722930908203,952.4932047526041
"Disaggregated (1P + 3D, TP4)",99328,17.204463958740234,20.14472834269206,1021.4348347981771
"Disaggregated (1P + 3D, TP4)",100352,17.301970799763996,20.249684015909832,1020.4011027018229
"Disaggregated (1P + 3D, TP4)",101376,17.399438858032227,20.340166091918945,1018.9906209309896
"Disaggregated (1P + 3D, TP4)",102400,17.486894607543945,20.430212020874023,1019.05615234375
"Disaggregated (1P + 3D, TP4)",103424,17.570620854695637,20.522600809733074,990.7353515625
"Disaggregated (1P + 3D, TP4)",104448,17.657237370808918,20.603265126546223,991.1979166666666
"Disaggregated (1P + 3D, TP4)",105472,17.746938069661457,20.677486419677734,977.4981486002604
"Disaggregated (1P + 3D, TP4)",106496,17.83334223429362,20.77028973897298,1051.456278483073
"Disaggregated (1P + 3D, TP4)",107520,17.915437698364258,20.841733932495117,1050.6952107747395
"Disaggregated (1P + 3D, TP4)",108544,18.006524403889973,20.921891530354817,1049.7562255859375
"Disaggregated (1P + 3D, TP4)",109568,18.097041447957356,21.03385861714681,979.3268636067709
"Disaggregated (1P + 3D, TP4)",110592,18.187320073445637,21.126094818115234,976.9294840494791
"Disaggregated (1P + 3D, TP4)",111616,18.284862518310547,21.24652417500814,1014.8203938802084
"Disaggregated (1P + 3D, TP4)",112640,18.378103892008465,21.316303888956707,1015.8147379557291
"Disaggregated (1P + 3D, TP4)",113664,18.469195048014324,21.42274220784505,1014.3890584309896
"Disaggregated (1P + 3D, TP4)",114688,18.55256716410319,21.507035573323567,1013.9404093424479
"Disaggregated (1P + 3D, TP4)",115712,18.646150588989258,21.589048385620117,1014.5670572916666
"Disaggregated (1P + 3D, TP4)",116736,18.73409080505371,21.683876673380535,973.4703776041666
"Disaggregated (1P + 3D, TP4)",117760,18.818697611490887,21.788248697916668,988.7244262695312
"Disaggregated (1P + 3D, TP4)",118784,18.905412673950195,21.897637685139973,965.0733235677084
"Disaggregated (1P + 3D, TP4)",119808,18.996911366780598,21.992626825968426,963.6103108723959
"Disaggregated (1P + 3D, TP4)",120832,19.092063903808594,22.08386484781901,961.0421956380209
"Disaggregated (1P + 3D, TP4)",121856,19.179890314737957,22.263070424397785,983.7293294270834
"Disaggregated (1P + 3D, TP4)",122880,19.150454839070637,22.467344284057617,992.1261596679688
"Disaggregated (1P + 3D, TP4)",123904,18.99774169921875,22.642778396606445,992.4462076822916
"Disaggregated (1P + 3D, TP4)",124928,18.732545216878254,22.836936314900715,988.3343912760416
"Disaggregated (1P + 3D, TP4)",125952,18.273163477579754,22.78966522216797,986.9078369140625
"Disaggregated (1P + 3D, TP4)",126976,17.43551254272461,22.63093439737956,987.092041015625
"Disaggregated (1P + 3D, TP4)",128000,16.126391728719074,22.321709314982098,986.0316569010416
"Disaggregated (1P + 3D, TP4)",129024,14.472604433695475,21.928965886433918,984.7525431315104
"Disaggregated (1P + 3D, TP4)",130048,12.888446807861328,21.461015065511067,985.1075236002604
