,"Disaggregated (1P + 3D, TP4)",Aggregated (4 x TP4)
ttft_ms_p50,36532.33909683089,10993.837417001487
ttft_ms_p99,72631.89752764719,22604.277737133332
ttft_ms_max,73213.33107933849,23016.273390331964
tpot_ms_p50,14.147437718611805,14.511731267070232
tpot_ms_p99,14.349268395522813,14.752317055329497
itl_ms_p50,13.12596066792806,13.16816234588623
itl_ms_p90,18.555362065633137,18.705230077107746
itl_ms_p99,20.702779134114582,20.94890530904134
itl_ms_p99_9,499.10825602213544,509.64809163411456
itl_ms_max,1141.410400390625,40438.19140625
server_itl_ms_p50,13.073177511999212,13.169722502705278
server_itl_ms_p99,19.95966713187627,20.360813988364697
itl_token_coverage,0.9998616046375699,0.9999046474695206
