window_start_s,window_end_s,stream_events,events_per_s
0,10,252,25.2
10,20,30889,3088.9
20,30,494755,49475.5
30,40,542997,54299.7
40,50,540490,54049.0
50,60,552127,55212.7
60,70,537551,53755.1
70,80,543686,54368.6
80,90,545934,54593.4
90,100,540891,54089.1
100,110,538888,53888.8
110,120,544368,54436.8
120,130,527452,52745.2
130,140,538642,53864.2
140,150,523773,52377.3
150,160,532629,53262.9
160,170,522581,52258.1
170,180,520971,52097.1
180,190,511602,51160.2
190,200,515092,51509.2
200,210,499419,49941.9
210,220,497913,49791.3
220,230,487683,48768.3
230,240,482253,48225.3
240,250,470775,47077.5
250,260,477696,47769.6
260,270,466880,46688.0
270,280,458937,45893.7
280,290,461204,46120.4
290,300,459221,45922.1
300,310,452597,45259.7
310,320,450797,45079.7
320,330,447251,44725.1
330,340,440655,44065.5
340,350,441422,44142.2
350,360,436704,43670.4
360,370,431354,43135.4
370,380,429706,42970.6
380,390,428760,42876.0
390,400,425648,42564.8
400,410,419391,41939.1
410,420,419032,41903.2
420,430,418337,41833.7
430,440,412715,41271.5
440,450,409571,40957.1
450,460,411114,41111.4
460,470,406540,40654.0
470,480,403812,40381.2
480,490,398380,39838.0
490,500,402236,40223.6
500,510,394029,39402.9
510,520,397128,39712.8
520,530,394468,39446.8
530,540,390829,39082.9
540,550,388583,38858.3
550,560,388516,38851.6
560,570,381229,38122.9
570,580,381920,38192.0
580,590,377671,37767.1
590,600,371066,37106.6
600,610,375673,37567.3
610,620,371949,37194.9
620,630,372532,37253.2
630,640,368634,36863.4
640,650,365397,36539.7
650,660,362252,36225.2
660,670,361133,36113.3
670,680,367365,36736.5
680,690,359931,35993.1
690,700,356223,35622.3
700,710,358846,35884.6
710,720,353788,35378.8
720,730,356168,35616.8
730,740,352052,35205.2
740,750,350606,35060.6
750,760,348679,34867.9
760,770,350644,35064.4
770,780,347020,34702.0
780,790,345435,34543.5
790,800,343689,34368.9
800,810,340442,34044.2
810,820,335842,33584.2
820,830,342832,34283.2
830,840,336576,33657.6
840,850,330620,33062.0
850,860,338610,33861.0
860,870,331896,33189.6
870,880,324904,32490.4
880,890,333847,33384.7
890,900,329631,32963.1
900,910,326429,32642.9
910,920,325502,32550.2
920,930,324885,32488.5
930,940,320980,32098.0
940,950,324346,32434.6
950,960,322738,32273.8
960,970,320479,32047.9
970,980,318666,31866.6
980,990,317833,31783.3
990,1000,311965,31196.5
1000,1010,320111,32011.1
1010,1020,314266,31426.6
1020,1030,312980,31298.0
1030,1040,311701,31170.1
1040,1050,312104,31210.4
1050,1060,309175,30917.5
1060,1070,301488,30148.8
1070,1080,312189,31218.9
1080,1090,308240,30824.0
1090,1100,301459,30145.9
1100,1110,307236,30723.6
1110,1120,302755,30275.5
1120,1130,301797,30179.7
1130,1140,300229,30022.9
1140,1150,299589,29958.9
1150,1160,293890,29389.0
1160,1170,299662,29966.2
1170,1180,301657,30165.7
1180,1190,296701,29670.1
1190,1200,291515,29151.5
1200,1210,299901,29990.1
1210,1220,293476,29347.6
1220,1230,290524,29052.4
1230,1240,294607,29460.7
1240,1250,290528,29052.8
1250,1260,288613,28861.3
1260,1270,288122,28812.2
1270,1280,286818,28681.8
1280,1290,285728,28572.8
1290,1300,285473,28547.3
1300,1310,276181,27618.1
1310,1320,291769,29176.9
1320,1330,283035,28303.5
1330,1340,280175,28017.5
1340,1350,284146,28414.6
1350,1360,281055,28105.5
1360,1370,279470,27947.0
1370,1380,279355,27935.5
1380,1390,278458,27845.8
1390,1400,277177,27717.7
1400,1410,277087,27708.7
1410,1420,272047,27204.7
1420,1430,278868,27886.8
1430,1440,275025,27502.5
1440,1450,274043,27404.3
1450,1460,270728,27072.8
1460,1470,274102,27410.2
1470,1480,270972,27097.2
1480,1490,270153,27015.3
1490,1500,267608,26760.8
1500,1510,270507,27050.7
1510,1520,267516,26751.6
1520,1530,266890,26689.0
1530,1540,266322,26632.2
1540,1550,261420,26142.0
1550,1560,267356,26735.6
1560,1570,267119,26711.9
1570,1580,263772,26377.2
1580,1590,263852,26385.2
1590,1600,259925,25992.5
1600,1610,264098,26409.8
1610,1620,262415,26241.5
1620,1630,260378,26037.8
1630,1640,259822,25982.2
1640,1650,258956,25895.6
1650,1660,259310,25931.0
1660,1670,254017,25401.7
1670,1680,261561,26156.1
1680,1690,256888,25688.8
1690,1700,256762,25676.2
1700,1710,252537,25253.7
1710,1720,254432,25443.2
1720,1730,259102,25910.2
1730,1740,247575,24757.5
1740,1750,259262,25926.2
1750,1760,251769,25176.9
1760,1770,250847,25084.7
1770,1780,191688,19168.8
1780,1790,139425,13942.5
1790,1800,124185,12418.5
1800,1810,109650,10965.0
1810,1820,61410,6141.0
1820,1830,61155,6115.5
1830,1840,60615,6061.5
1840,1850,60735,6073.5
1850,1860,60348,6034.8
1860,1870,59927,5992.7
1870,1880,60190,6019.0
1880,1890,60160,6016.0
1890,1900,60020,6002.0
1900,1910,59805,5980.5
1910,1920,59657,5965.7
1920,1930,59554,5955.4
1930,1940,59394,5939.4
1940,1950,59265,5926.5
1950,1960,59187,5918.7
1960,1970,58803,5880.3
1970,1980,58816,5881.6
1980,1990,58769,5876.9
1990,2000,58185,5818.5
2000,2010,58424,5842.4
2010,2020,58351,5835.1
2020,2030,58047,5804.7
2030,2040,58089,5808.9
2040,2050,57902,5790.2
2050,2060,57892,5789.2
2060,2070,57709,5770.9
2070,2080,57641,5764.1
2080,2090,57442,5744.2
2090,2100,57337,5733.7
2100,2110,57286,5728.6
2110,2120,57240,5724.0
2120,2130,57105,5710.5
2130,2140,57105,5710.5
2140,2150,54941,5494.1
2150,2160,58395,5839.5
2160,2170,56494,5649.4
2170,2180,55890,5589.0
2180,2190,56295,5629.5
2190,2200,56295,5629.5
2200,2210,15390,1539.0
2210,2220,0,0.0
2220,2230,0,0.0
2230,2240,0,0.0
2240,2250,144,14.4
2250,2260,26579,2657.9
2260,2270,30659,3065.9
2270,2280,31501,3150.1
2280,2290,31399,3139.9
2290,2300,31178,3117.8
2300,2310,31178,3117.8
2310,2320,31093,3109.3
2320,2330,30677,3067.7
2330,2340,30965,3096.5
2340,2350,30566,3056.6
2350,2360,30534,3053.4
2360,2370,30751,3075.1
2370,2380,30481,3048.1
2380,2390,30328,3032.8
2390,2400,30107,3010.7
2400,2410,30192,3019.2
2410,2420,30039,3003.9
2420,2430,29852,2985.2
2430,2440,29614,2961.4
2440,2450,29852,2985.2
2450,2460,29852,2985.2
2460,2470,29767,2976.7
2470,2480,29597,2959.7
2480,2490,29699,2969.9
2490,2500,29103,2910.3
2500,2510,29003,2900.3
2510,2520,28934,2893.4
2520,2530,28611,2861.1
2530,2540,28781,2878.1
2540,2550,28594,2859.4
2550,2560,28543,2854.3
2560,2570,28441,2844.1
2570,2580,28152,2815.2
2580,2590,28305,2830.5
2590,2600,28237,2823.7
2600,2610,28067,2806.7
2610,2620,28118,2811.8
2620,2630,28058,2805.8
2630,2640,27955,2795.5
2640,2650,27784,2778.4
2650,2660,27332,2733.2
2660,2670,27591,2759.1
2670,2680,27455,2745.5
2680,2690,27387,2738.7
2690,2700,27438,2743.8
2700,2710,27404,2740.4
2710,2720,27223,2722.3
2720,2730,26968,2696.8
2730,2740,27137,2713.7
2740,2750,26843,2684.3
2750,2760,26809,2680.9
2760,2770,26772,2677.2
2770,2780,26421,2642.1
2780,2790,26503,2650.3
2790,2800,26367,2636.7
2800,2810,26350,2635.0
2810,2820,26197,2619.7
2820,2830,26146,2614.6
2830,2840,26044,2604.4
2840,2850,26254,2625.4
2850,2860,25953,2595.3
2860,2870,25925,2592.5
2870,2880,25738,2573.8
2880,2890,25653,2565.3
2890,2900,25670,2567.0
2900,2910,25449,2544.9
2910,2920,25483,2548.3
2920,2930,25415,2541.5
2930,2940,25126,2512.6
2940,2950,25041,2504.1
2950,2960,25092,2509.2
2960,2970,25194,2519.4
2970,2980,24974,2497.4
2980,2990,25074,2507.4
2990,3000,24667,2466.7
3000,3010,24842,2484.2
3010,3020,24764,2476.4
3020,3030,24888,2488.8
3030,3040,24769,2476.9
3040,3050,24616,2461.6
3050,3060,5746,574.6
3060,3070,0,0.0
