output_token_start,output_token_end,samples,itl_ms_mean,itl_ms_p50,itl_ms_p90,itl_ms_p99,itl_ms_max
0,1024,392832,8.500157356262207,8.196074485778809,10.475136756896973,12.402974128723145,541.708984375
1024,2048,393216,8.904751777648926,8.551746368408203,10.784322738647461,13.013710021972656,544.4451293945312
2048,3072,393216,9.203361511230469,8.79946517944336,10.998611450195312,13.455487251281738,547.5316772460938
3072,4096,393216,9.440028190612793,9.006824493408203,11.170486450195312,13.579595565795898,545.8488159179688
4096,5120,393216,9.708827018737793,9.224498748779297,11.358040809631348,13.788908958435059,545.4273681640625
5120,6144,393216,9.864627838134766,9.338050842285156,11.508421897888184,13.918868064880371,546.2619018554688
6144,7168,393216,9.95449161529541,9.428051948547363,11.570024490356445,13.971495628356934,545.0737915039062
7168,8192,393216,9.99914836883545,9.416902542114258,11.574562072753906,13.990859031677246,545.0145263671875
8192,9216,393216,9.974690437316895,9.429752349853516,11.620325088500977,14.107855796813965,544.6293334960938
9216,10240,393216,10.008225440979004,9.420686721801758,11.648595809936523,14.139442443847656,544.4405517578125
10240,11264,393216,10.058895111083984,9.491975784301758,11.671747207641602,14.212955474853516,544.3355102539062
11264,12288,393216,10.106871604919434,9.565553665161133,11.699527740478516,14.206754684448242,542.4424438476562
12288,13312,393216,10.201582908630371,9.64753246307373,11.766447067260742,14.270776748657227,543.4981689453125
13312,14336,393216,10.246417045593262,9.738046646118164,11.776069641113281,14.234793663024902,544.3448486328125
14336,15360,393216,10.291560173034668,9.781774520874023,11.772926330566406,14.14194393157959,545.0543823242188
15360,16384,393216,10.34038257598877,9.883333206176758,11.785783767700195,14.143080711364746,544.678466796875
16384,17408,393216,10.402583122253418,9.938396453857422,11.790365219116211,14.15093994140625,562.2315063476562
17408,18432,393216,10.477631568908691,10.029558181762695,11.7988862991333,14.117037773132324,603.0753173828125
18432,19456,393216,10.521860122680664,10.084152221679688,11.7969970703125,14.093461990356445,605.2913818359375
19456,20480,393216,10.581731796264648,10.148027420043945,11.81453800201416,14.127063751220703,607.6015625
20480,21504,393216,10.645505905151367,10.226495742797852,11.852603912353516,14.123796463012695,606.2638549804688
21504,22528,393216,10.685812950134277,10.273591995239258,11.874284744262695,14.12308406829834,606.525634765625
22528,23552,393216,10.726635932922363,10.343343734741211,11.917387008666992,14.104708671569824,605.6749877929688
23552,24576,393216,10.80086612701416,10.397703170776367,11.95661735534668,14.124556541442871,605.38623046875
24576,25600,393216,10.8845796585083,10.487815856933594,12.047800064086914,14.220601081848145,627.3953247070312
25600,26624,393216,10.94357967376709,10.544933319091797,12.091717720031738,14.25217056274414,627.9154052734375
26624,27648,393216,11.010310173034668,10.615506172180176,12.130247116088867,14.222792625427246,630.0042114257812
27648,28672,393216,11.069445610046387,10.694978713989258,12.192142486572266,14.178035736083984,632.2892456054688
28672,29696,393216,11.114230155944824,10.753777503967285,12.238520622253418,14.235032081604004,629.7115478515625
29696,30720,393216,11.159537315368652,10.823152542114258,12.267217636108398,14.149693489074707,672.346923828125
30720,31744,393216,11.230422973632812,10.875804901123047,12.322257995605469,14.24786376953125,677.4046020507812
31744,32768,393216,11.291413307189941,10.960627555847168,12.378419876098633,14.216352462768555,675.4300537109375
32768,33792,393216,11.337867736816406,11.010194778442383,12.42226791381836,14.22559642791748,674.8955688476562
33792,34816,393216,11.401562690734863,11.072114944458008,12.469583511352539,14.195075988769531,676.7993774414062
34816,35840,393216,11.44279956817627,11.130605697631836,12.534728050231934,14.213371276855469,675.5342407226562
35840,36864,393216,11.486736297607422,11.18564510345459,12.588958740234375,14.244211196899414,677.091064453125
36864,37888,393216,11.538481712341309,11.249917030334473,12.651163101196289,14.29410171508789,708.4427490234375
37888,38912,393216,11.584025382995605,11.300504684448242,12.738922119140625,14.373205184936523,706.7679443359375
38912,39936,393216,11.667317390441895,11.387921333312988,12.83090591430664,14.461824417114258,708.385986328125
39936,40960,393216,11.726909637451172,11.424899101257324,12.912221908569336,14.49122428894043,706.6627197265625
40960,41984,393216,11.77178955078125,11.511016845703125,13.000861167907715,14.535229682922363,706.3788452148438
41984,43008,393216,11.818733215332031,11.558877944946289,13.045419692993164,14.60661792755127,705.9153442382812
43008,44032,393216,11.881004333496094,11.644691467285156,13.152790069580078,14.656755447387695,707.5570678710938
44032,45056,393216,11.926414489746094,11.704397201538086,13.235750198364258,14.714502334594727,707.55712890625
45056,46080,393216,11.986442565917969,11.778430938720703,13.319568634033203,14.787520408630371,706.9744873046875
46080,47104,393216,12.07405948638916,11.874350547790527,13.409269332885742,14.851696014404297,704.599853515625
47104,48128,393216,12.125755310058594,11.936727523803711,13.48080062866211,14.898585319519043,696.3582763671875
48128,49152,393216,12.209247589111328,12.032859802246094,13.569880485534668,14.962397575378418,696.9820556640625
49152,50176,393216,12.256256103515625,12.105749130249023,13.650763511657715,15.028829574584961,697.6090698242188
50176,51200,393216,12.33219051361084,12.221558570861816,13.744794845581055,15.115974426269531,698.68212890625
51200,52224,393216,12.395076751708984,12.302738189697266,13.835958480834961,15.192526817321777,697.508544921875
52224,53248,393216,12.447443962097168,12.363653182983398,13.91670036315918,15.244068145751953,697.369384765625
53248,54272,393216,12.61167049407959,12.529162406921387,14.05174732208252,15.386547088623047,737.4052734375
54272,55296,393216,12.771645545959473,12.703744888305664,14.203956604003906,15.567072868347168,739.443359375
55296,56320,393216,12.934684753417969,12.890436172485352,14.335090637207031,15.679484367370605,735.4923095703125
56320,57344,393216,13.105098724365234,13.025598526000977,14.453500747680664,15.868888854980469,761.6055297851562
57344,58368,393216,13.32712459564209,13.223953247070312,14.592177391052246,16.05579376220703,759.0048828125
58368,59392,393216,13.472302436828613,13.338691711425781,14.696050643920898,16.20370101928711,756.6365966796875
59392,60416,393216,13.619257926940918,13.471639633178711,14.797086715698242,16.31842803955078,755.3405151367188
60416,61440,393216,13.760272026062012,13.570854187011719,14.897392272949219,16.464391708374023,755.6930541992188
61440,62464,393216,13.904383659362793,13.687784194946289,15.0011625289917,16.535478591918945,755.3755493164062
62464,63488,393216,14.043780326843262,13.7891206741333,15.095394134521484,16.636995315551758,755.7300415039062
63488,64512,393216,14.099780082702637,13.865407943725586,15.178524017333984,16.709787368774414,756.0619506835938
64512,65536,393216,14.19198226928711,13.965728759765625,15.274972915649414,16.805871963500977,766.50537109375
65536,66560,393216,14.26789379119873,14.059163093566895,15.364566802978516,16.88425064086914,766.7717895507812
66560,67584,393216,14.364395141601562,14.156360626220703,15.463920593261719,16.981138229370117,781.1362915039062
67584,68608,393216,14.461682319641113,14.243304252624512,15.56092643737793,17.082027435302734,781.3641967773438
68608,69632,393216,14.563990592956543,14.341511726379395,15.653521537780762,17.146625518798828,780.5020141601562
69632,70656,393216,14.650071144104004,14.434518814086914,15.757853507995605,17.2730770111084,780.2240600585938
70656,71680,393216,14.73974895477295,14.529338836669922,15.863062858581543,17.40031623840332,779.3202514648438
71680,72704,393216,14.833592414855957,14.625513076782227,15.94375228881836,17.509483337402344,781.9974365234375
72704,73728,393216,14.935256004333496,14.71181869506836,16.034351348876953,17.589685440063477,798.220947265625
73728,74752,393216,15.030043601989746,14.82045841217041,16.13477325439453,17.691856384277344,823.8308715820312
74752,75776,393216,15.124789237976074,14.903697967529297,16.228321075439453,17.795711517333984,830.0970458984375
75776,76800,393216,15.2162446975708,15.001437187194824,16.325441360473633,17.91170883178711,830.4630737304688
76800,77824,393216,15.299476623535156,15.096582412719727,16.42055892944336,17.997756958007812,830.2617797851562
77824,78848,393216,15.407035827636719,15.197423934936523,16.5108642578125,18.074520111083984,829.2479858398438
78848,79872,393216,15.500836372375488,15.288935661315918,16.599483489990234,18.15526580810547,829.5393676757812
79872,80896,393216,15.572596549987793,15.367422103881836,16.69477081298828,18.248422622680664,829.8521118164062
80896,81920,393216,15.672327995300293,15.473179817199707,16.78119659423828,18.28543472290039,829.0700073242188
81920,82944,393216,15.752220153808594,15.561384201049805,16.871307373046875,18.381092071533203,829.2269287109375
82944,83968,393216,15.845257759094238,15.643173217773438,16.946453094482422,18.479896545410156,829.607421875
83968,84992,393216,15.910378456115723,15.71799087524414,17.028114318847656,18.586442947387695,816.2454833984375
84992,86016,393216,16.006250381469727,15.808234214782715,17.126264572143555,18.677669525146484,827.5563354492188
86016,87040,393216,16.09345054626465,15.898834228515625,17.229167938232422,18.77606773376465,862.9348754882812
87040,88064,393216,16.18999671936035,15.988726615905762,17.330272674560547,18.908489227294922,862.8117065429688
88064,89088,393216,16.28464698791504,16.08997344970703,17.422176361083984,19.00832748413086,1235.3798828125
89088,90112,393216,16.38164710998535,16.17510223388672,17.526145935058594,19.10195541381836,1235.4786376953125
90112,91136,393216,16.479639053344727,16.29424285888672,17.63759994506836,19.180437088012695,1234.405029296875
91136,92160,393216,16.578224182128906,16.386882781982422,17.744691848754883,19.299345016479492,1235.913330078125
92160,93184,393216,16.67963218688965,16.497230529785156,17.848196029663086,19.422924041748047,858.280517578125
93184,94208,393216,16.772857666015625,16.59638214111328,17.939132690429688,19.538604736328125,859.8535766601562
94208,95232,393216,16.894563674926758,16.699596405029297,18.036231994628906,19.661298751831055,1019.4449462890625
95232,96256,393216,16.990867614746094,16.798019409179688,18.12918472290039,19.7731990814209,1014.8353881835938
96256,97280,393216,17.058868408203125,16.889312744140625,18.227405548095703,19.83437728881836,1015.069580078125
97280,98304,393216,17.167497634887695,16.997264862060547,18.330097198486328,19.935039520263672,1014.0608520507812
98304,99328,393216,17.277584075927734,17.087650299072266,18.43223762512207,20.01906394958496,1012.1436157226562
99328,100352,393216,17.3607177734375,17.194194793701172,18.54172706604004,20.11033058166504,1013.6592407226562
100352,101376,393216,17.485891342163086,17.301443099975586,18.64572525024414,20.196823120117188,1013.5595703125
101376,102400,393216,17.558900833129883,17.40953254699707,18.746559143066406,20.29815673828125,1012.8895263671875
102400,103424,393216,17.6792049407959,17.493436813354492,18.829986572265625,20.392080307006836,1011.4949340820312
103424,104448,393216,17.73796844482422,17.574405670166016,18.90212631225586,20.462156295776367,928.2982177734375
104448,105472,393216,17.815324783325195,17.666105270385742,18.99921417236328,20.558996200561523,927.3858032226562
105472,106496,393216,17.92253303527832,17.759719848632812,19.104503631591797,20.66029167175293,926.7444458007812
106496,107520,393216,18.014535903930664,17.856491088867188,19.192508697509766,20.75666618347168,1098.158447265625
107520,108544,393216,18.07892608642578,17.923358917236328,19.260313034057617,20.822017669677734,1094.745361328125
108544,109568,393216,18.186120986938477,18.017139434814453,19.348373413085938,20.8951358795166,1094.473876953125
109568,110592,393216,18.26655387878418,18.10786247253418,19.444393157958984,20.99787139892578,1093.477783203125
110592,111616,393216,18.345182418823242,18.196121215820312,19.537715911865234,21.129501342773438,1095.293701171875
111616,112640,393216,18.461923599243164,18.29462432861328,19.61944580078125,21.180095672607422,1093.7117919921875
112640,113664,393216,18.5289306640625,18.378740310668945,19.702363967895508,21.26505470275879,1093.9437255859375
113664,114688,393216,18.634822845458984,18.474994659423828,19.803791046142578,21.37334442138672,1095.4586181640625
114688,115712,393216,18.700681686401367,18.552684783935547,19.873126983642578,21.44317626953125,1094.6131591796875
115712,116736,393216,18.789884567260742,18.652191162109375,19.966873168945312,21.508495330810547,1093.257568359375
116736,117760,393216,18.90007972717285,18.735843658447266,20.04714584350586,21.59827423095703,973.1643676757812
117760,118784,393216,18.969167709350586,18.812774658203125,20.150375366210938,21.71799659729004,973.08642578125
118784,119808,393216,19.061952590942383,18.89784049987793,20.24264144897461,21.857242584228516,900.6791381835938
119808,120832,393216,19.14737892150879,18.994274139404297,20.347782135009766,21.96312141418457,899.7095947265625
120832,121856,393216,19.253705978393555,19.09890365600586,20.454547882080078,22.069602966308594,894.4111938476562
121856,122880,393216,19.34604835510254,19.181596755981445,20.557418823242188,22.24855613708496,946.51904296875
122880,123904,393216,19.32816505432129,19.16136932373047,20.592723846435547,22.436702728271484,1002.4434204101562
123904,124928,393216,19.10417938232422,18.997264862060547,20.567279815673828,22.650182723999023,1004.1403198242188
124928,125952,393216,18.714208602905273,18.72677230834961,20.50046730041504,22.808536529541016,995.7666015625
125952,126976,393216,18.08209991455078,18.2707462310791,20.404457092285156,22.771774291992188,994.9813842773438
126976,128000,393216,17.230506896972656,17.357236862182617,20.24990463256836,22.63796043395996,993.45263671875
128000,129024,393216,16.186925888061523,16.080581665039062,20.043302536010742,22.271997451782227,993.3676147460938
129024,130048,393216,14.901480674743652,14.427380561828613,19.74930191040039,21.861419677734375,993.676025390625
130048,131072,386377,13.372465133666992,12.835613250732422,19.158018112182617,21.418100357055664,992.8129272460938
